Place of Interest,Location
Statue of Liberty,New York NY
Hollywood Sign,Los Angeles CA
Millennium Park,Chicago IL
NASA Space Center,Houston TX
Desert Botanical Garden,Phoenix AZ
Liberty Bell,Philadelphia PA
The Alamo,San Antonio TX
Balboa Park,San Diego CA
The Sixth Floor Museum,Dallas TX
Winchester Mystery House,San Jose CA
Texas State Capitol,Austin TX
Jacksonville Zoo and Gardens,Jacksonville FL
Fort Worth Stockyards,Fort Worth TX
COSI,Columbus OH
NASCAR Hall of Fame,Charlotte NC
